"id","name","category","subcategory","domains","url","cost","licence","language","maintainer","description","best_for","notes","verified"
"ema-renal-impairment","EMA Guideline on PK evaluation in patients with decreased renal function","guidance","EMA","regulatory|pkpd|poppk","https://www.ema.europa.eu/en/evaluation-pharmacokinetics-medicinal-products-patients-decreased-renal-function-scientific-guideline","free","n/a","n/a","EMA","When and how to evaluate renal impairment in the EU, including renal function metrics, study designs, use of population PK, and the resulting SmPC dose recommendations.","P-10 and S2: EU renal impairment requirements","Adopted. EMA/CHMP/725881/2015, effective July 2016, superseding CHMP/EWP/225/02.","2026-08-26"
"ema-hepatic-impairment","EMA Guideline on PK evaluation in patients with impaired hepatic function","guidance","EMA","regulatory|pkpd","https://www.ema.europa.eu/en/evaluation-pharmacokinetics-medicinal-products-patients-impaired-hepatic-function-scientific-guideline","free","n/a","n/a","EMA","EU criteria for deciding whether a hepatic impairment study is needed, how to classify and recruit patients, and how findings translate into dosing advice in the SmPC.","P-11 and S2: EU hepatic impairment requirements","Adopted. CPMP/EWP/2339/02, effective August 2005.","2026-08-26"
"ema-poppk-reporting","EMA Guideline on reporting the results of population pharmacokinetic analyses","guidance","EMA","regulatory|poppk","https://www.ema.europa.eu/en/reporting-results-population-pharmacokinetic-analyses-scientific-guideline","free","n/a","n/a","EMA","What a population PK report submitted to EMA must contain - data handling, model-building rationale, diagnostics, validation and presentation - so an assessor can evaluate it.","S0-06 and S2: the EU counterpart to FDA's popPK guidance, and a usable report template","Adopted. CHMP/EWP/185990/06, adopted June 2007, effective January 2008.","2026-08-26"
"ema-drug-interactions","EMA Guideline on the investigation of drug interactions","guidance","EMA","regulatory|pharmacology|pbpk","https://www.ema.europa.eu/en/investigation-drug-interactions-scientific-guideline","free","n/a","n/a","EMA","EU expectations for in vitro and clinical DDI evaluation, decision criteria for triggering studies, use of modelling, and how interaction findings must reach the SmPC.","The EU DDI reference alongside ICH M12","Current effective version, marked under revision. CPMP/EWP/560/95/Rev.1 Corr.2, adopted 2012, last updated 2015.","2026-08-26"
"ema-pbpk-reporting","EMA Guideline on the reporting of PBPK modelling and simulation","guidance","EMA","regulatory|pbpk","https://www.ema.europa.eu/en/reporting-physiologically-based-pharmacokinetic-pbpk-modelling-simulation-scientific-guideline","free","n/a","n/a","EMA","What a PBPK report must document, including platform and model qualification proportionate to the regulatory impact of the intended use.","S3 PBPK: the EU expectations on model qualification and reporting","Adopted. EMA/CHMP/458101/2016, published December 2018, effective July 2019. The adopted title is 'reporting of PBPK' - 'qualification and reporting' was the draft title and should not be cited.","2026-08-26"
"fda-food-effect-2026","FDA Assessing the Effects of Food on Drugs in INDs and NDAs","guidance","FDA","regulatory|pharmacology","https://www.fda.gov/regulatory-information/search-fda-guidance-documents/assessing-effects-food-drugs-inds-and-ndas-clinical-pharmacology-considerations","free","public domain","n/a","FDA","When and how to run food-effect studies for oral products, meal composition and design, and how the resulting exposure changes drive administration instructions in labelling.","P-06 absorption: the regulatory counterpart to the BDDCS food-effect literature","Final, Level 2, May 2026, CDER. Supersedes portions of the earlier 2002 food-effect document.","2026-08-26"
"fda-mass-balance-2024","FDA Clinical Pharmacology Considerations for Human Radiolabeled Mass Balance Studies","guidance","FDA","regulatory|pharmacology","https://www.fda.gov/regulatory-information/search-fda-guidance-documents/clinical-pharmacology-considerations-human-radiolabeled-mass-balance-studies","free","public domain","n/a","FDA","Whether and when to conduct a human ADME mass balance study, how to design it, and how to present recovery, metabolite profiling and routes-of-elimination results.","P-09 and P-10: how anyone knows a drug's actual elimination route","Final, September 2024, CDER.","2026-08-26"
"fda-exposure-response-2003","FDA Exposure-Response Relationships","guidance","FDA","regulatory|pkpd","https://www.fda.gov/regulatory-information/search-fda-guidance-documents/exposure-response-relationships-study-design-data-analysis-and-regulatory-applications","free","public domain","n/a","FDA","How to design studies and analyse data to characterise exposure-response for efficacy and safety, and how E-R evidence can support dose selection and labelling.","S1 PK/PD and exposure-response; foundational reading for dose justification","Final, May 2003, CDER and CBER. Still the current FDA E-R guidance.","2026-08-26"
"fda-in-vitro-ddi-2020","FDA In Vitro Drug Interaction Studies - CYP Enzyme- and Transporter-Mediated","guidance","FDA","regulatory|pharmacology|pbpk","https://www.fda.gov/regulatory-information/search-fda-guidance-documents/vitro-drug-interaction-studies-cytochrome-p450-enzyme-and-transporter-mediated-drug-interactions","free","public domain","n/a","FDA","Which in vitro CYP and transporter experiments to run, the cut-off criteria and basic static models that decide whether a clinical DDI study or a PBPK simulation is needed.","P-09 and P-03: the in vitro to clinical decision tree","Final, January 2020, CDER.","2026-08-26"
"fda-midd-paired-meeting","FDA Model-Informed Drug Development Paired Meeting Program","guidance","FDA","regulatory|poppk|pbpk|qsp","https://www.fda.gov/drugs/development-resources/model-informed-drug-development-paired-meeting-program","free","public domain","n/a","FDA","The PDUFA programme letting sponsors bring a specific MIDD question to FDA in paired meetings; sets eligibility, submission content and the meeting sequence.","S0-00: how modelling questions actually reach FDA","Programme page, not a guidance. Current as of July 2026, covering fiscal years 2023-2027. The page recommends sponsors use ICH M15 when preparing meeting requests.","2026-08-26"
"fda-oncology-dose-optimization-2024","FDA Optimizing the Dosage of Drugs for the Treatment of Oncologic Diseases","guidance","FDA","regulatory|pkpd|poppk","https://www.fda.gov/regulatory-information/search-fda-guidance-documents/optimizing-dosage-human-prescription-drugs-and-biological-products-treatment-oncologic-diseases","free","public domain","n/a","FDA","How to identify an optimised oncology dosage before a marketing application, including randomised comparison of multiple dosages and the PK/PD and exposure-response evidence expected.","The operative guidance implementing Project Optimus; dose-selection work in oncology","Final, August 2024, Oncology Center of Excellence with CDER and CBER.","2026-08-26"
"fda-hepatic-impairment-2003","FDA Pharmacokinetics in Patients with Impaired Hepatic Function","guidance","FDA","regulatory|pkpd","https://www.fda.gov/regulatory-information/search-fda-guidance-documents/pharmacokinetics-patients-impaired-hepatic-function-study-design-data-analysis-and-impact-dosing-and","free","public domain","n/a","FDA","When a hepatic impairment study is warranted, Child-Pugh-based design and analysis, and how the PK findings feed dosing and labelling.","P-11 and S2: hepatic covariate effects and dose adjustment","Final, May 2003, CDER and CBER.","2026-08-26"
"fda-renal-impairment-2024","FDA Pharmacokinetics in Patients with Impaired Renal Function","guidance","FDA","regulatory|pkpd|poppk","https://www.fda.gov/regulatory-information/search-fda-guidance-documents/pharmacokinetics-patients-impaired-renal-function-study-design-data-analysis-and-impact-dosing","free","public domain","n/a","FDA","When to study renal impairment, reduced versus full study designs, which renal function measure to use, and how results translate into dosing recommendations in labelling.","P-10 and S2: covariate analysis and dose adjustment","Final, Level 1, March 2024 - this is now final and dated 2024, not the 2020 draft.","2026-08-26"
"fda-pbpk-2018","FDA Physiologically Based Pharmacokinetic Analyses - Format and Content","guidance","FDA","regulatory|pbpk","https://www.fda.gov/regulatory-information/search-fda-guidance-documents/physiologically-based-pharmacokinetic-analyses-format-and-content-guidance-industry","free","public domain","n/a","FDA","What a PBPK submission must contain: a prescribed six-section report structure covering model assumptions, parameters, verification and sensitivity analyses.","S3 PBPK: how to write up a PBPK analysis for a regulator","Final, September 2018, CDER.","2026-08-26"
"fda-poppk-2022","FDA Population Pharmacokinetics","guidance","FDA","regulatory|poppk","https://www.fda.gov/regulatory-information/search-fda-guidance-documents/population-pharmacokinetics","free","public domain","n/a","FDA","When a population PK analysis is expected, how to build and evaluate the model, and what the analysis plan, report and data files must contain to support labelling and dose individualisation.","S2 population PK: model development, evaluation and the submission-ready report","Final, Level 1 guidance, February 2022. CDER and CBER. Finalises the 2019 draft.","2026-08-26"
"fda-project-optimus","FDA Project Optimus","guidance","FDA","regulatory|pkpd","https://www.fda.gov/about-fda/oncology-center-excellence/project-optimus","free","public domain","n/a","FDA","Oncology Center of Excellence initiative to replace MTD-driven oncology dosing with dose optimisation balancing efficacy, safety and tolerability before registration.","The policy context behind randomised dose-ranging in oncology","An initiative page, not a guidance document. Page content current as of December 2024.","2026-08-26"
"ich-e11r1-pediatric","ICH E11(R1) Clinical Investigation of Medicinal Products in the Pediatric Population","guidance","ICH","regulatory|pkpd","https://www.fda.gov/regulatory-information/search-fda-guidance-documents/e11r1-addendum-clinical-investigation-medicinal-products-pediatric-population","free","n/a","n/a","ICH, FDA-adopted","Current regulatory perspective on paediatric trial design, age classification, extrapolation concepts and paediatric formulation, updating ICH E11 for modern practice.","P-12: the framing document for paediatric PK study design","Final, April 2018. Complements rather than replaces the original ICH E11 of 2000.","2026-08-26"
"ich-e11a-pediatric-extrapolation","ICH E11A Pediatric Extrapolation","guidance","ICH","regulatory|poppk|pkpd","https://www.fda.gov/regulatory-information/search-fda-guidance-documents/e11a-pediatric-extrapolation","free","n/a","n/a","ICH, FDA-adopted","A systematic approach to paediatric extrapolation: building the extrapolation concept, quantifying similarity in exposure and response, and designing the confirmatory evidence package.","P-12 and S3: modelling-driven paediatric dose selection","Final, December 2024. Replaces the August 2022 draft.","2026-08-26"
"ich-e14-s7b-qt","ICH E14 and S7B QT/QTc Prolongation Questions and Answers","guidance","ICH","regulatory|pkpd","https://www.fda.gov/regulatory-information/search-fda-guidance-documents/e14-and-s7b-clinical-and-nonclinical-evaluation-qtqtc-interval-prolongation-and-proarrhythmic","free","n/a","n/a","ICH, FDA-adopted","How integrated nonclinical and clinical evidence, including concentration-QTc modelling, can substitute for a dedicated thorough QT study and what the analysis must demonstrate.","P-16 safety: concentration-QTc modelling","Final, August 2022. Revises Q12/Q13 of ICH E14 and adds questions to ICH S7B.","2026-08-26"
"ich-e4-dose-response","ICH E4 Dose-Response Information to Support Drug Registration","guidance","ICH","regulatory|pkpd","https://database.ich.org/sites/default/files/E4_Guideline.pdf","free","n/a","n/a","ICH","The foundational requirement that registration dossiers characterise dose-response, not just show one dose works; covers parallel, titration and crossover dose-response designs.","P-14 dose-response: the origin of the regulatory demand for dose-response evidence","ICH Step 4, dated 10 March 1994. ICH publishes no per-guideline landing page for E4, so the database PDF is the canonical link.","2026-08-26"
"ich-m10-bioanalytical","ICH M10 Bioanalytical Method Validation and Study Sample Analysis","guidance","ICH","regulatory|stats-ml","https://www.fda.gov/regulatory-information/search-fda-guidance-documents/m10-bioanalytical-method-validation-and-study-sample-analysis","free","n/a","n/a","ICH, FDA-adopted","Harmonised validation requirements for chromatographic and ligand-binding assays, plus study sample analysis and reporting expectations that determine whether concentration data are usable.","S0-03: where the concentrations feeding a popPK model come from, and what LLOQ actually means","Final, November 2022. Replaces the M10 draft of June 2019.","2026-08-26"
"ich-m12-ddi","ICH M12 Drug Interaction Studies","guidance","ICH","regulatory|pbpk|pharmacology","https://www.fda.gov/regulatory-information/search-fda-guidance-documents/m12-drug-interaction-studies","free","n/a","n/a","ICH, FDA-adopted","The harmonised ICH framework for enzyme- and transporter-mediated DDI evaluation: in vitro triggers, clinical study design, model-based approaches and how results reach the label.","The current international DDI reference, replacing region-specific clinical DDI guidance","Final, Level 1, August 2024. Replaces the 2022 draft. In practice this now stands in for FDA's withdrawn 2020 Clinical Drug Interaction Studies guidance, whose page no longer resolves.","2026-08-26"
"ich-m15-midd","ICH M15 General Principles for Model-Informed Drug Development","guidance","ICH","regulatory|poppk|pbpk|qsp","https://www.fda.gov/regulatory-information/search-fda-guidance-documents/m15-general-principles-model-informed-drug-development","free","n/a","n/a","ICH, FDA-adopted","The first harmonised MIDD framework: defining context of use, model credibility assessment proportional to regulatory impact, and the documentation expected for any model in a submission.","The umbrella document above popPK, PBPK, exposure-response and QSP guidance - read this first","Final, Level 1, June 2026. The newest document in the set; confirm currency before citing.","2026-08-26"
"pmda-exposure-response","PMDA Guideline for Exposure-Response Analysis of Drugs","guidance","PMDA","regulatory|pkpd","https://www.pmda.go.jp/files/000235605.pdf","free","n/a","n/a","PMDA / MHLW","Japan's framework for planning, conducting and reporting exposure-response analyses of efficacy and safety, and how E-R evidence supports dose selection.","S1: the Japanese counterpart to FDA's 2003 exposure-response guidance","MHLW notification dated 8 June 2020. English text is a provisional translation; the Japanese version prevails.","2026-08-26"
"pmda-poppk-pd","PMDA Guideline on Population Pharmacokinetic and Pharmacodynamic Analysis","guidance","PMDA","regulatory|poppk|pkpd","https://www.pmda.go.jp/files/000235608.pdf","free","n/a","n/a","PMDA / MHLW","Japan's expectations for population PK/PD analysis: study planning, data handling, model development and validation, and the content of the analysis plan and report.","S2: the Japanese counterpart to FDA and EMA popPK guidance","MHLW notification PSEHB/PED No. 0515-1, 15 May 2019. The English text is an explicitly provisional translation; the Japanese version is official.","2026-08-26"
"pmda-pbpk","PMDA Guidelines for Analysis Reports Involving PBPK Models","guidance","PMDA","regulatory|pbpk","https://www.pmda.go.jp/files/000239317.pdf","free","n/a","n/a","PMDA / MHLW","What a PBPK analysis report submitted in Japan must contain - model structure, parameter sources, verification against observed data, and the intended regulatory application.","S3: completes the FDA/EMA/PMDA trio of PBPK reporting standards","MHLW notification PSEHB/PED No. 1221-1, 21 December 2020. English provided for reference only; the Japanese original prevails.","2026-08-26"
"ncappc","ncappc","software","NCA","poppk|pkpd","https://github.com/cacha0227/ncappc","free","GPL-3","R","Chayan Acharya, Pharmetheus","Traditional non-compartmental analysis plus simulation-based posterior predictive checks that diagnose a population PK model using NCA metrics.","Checking whether a popPK model reproduces the NCA metrics of the observed data","The NCA-based PPC diagnostic is the unusual part. Low GitHub activity - for plain NCA, PKNCA is the busier project.","2026-08-26"
"phoenix-winnonlin","Phoenix WinNonlin","software","NCA","pkpd|regulatory","https://www.certara.com/software/phoenix-winnonlin/","commercial","proprietary","GUI","Certara","Desktop workflow tool for non-compartmental analysis, compartmental PK/PD and toxicokinetics, from data preparation to report output.","NCA and bioequivalence work of the kind submitted to regulators","Pricing not published. Certara offers free licences for academic users teaching a course - tied to teaching, not general student use.","2026-08-26"
"pknca","PKNCA","software","NCA","pkpd|regulatory","https://github.com/billdenney/pknca","free","AGPL-3","R","Bill Denney and contributors","Non-compartmental analysis of PK data covering dense and sparse sampling, unit handling, imputation, CDISC-formatted output and bioequivalence assessment.","Free, scriptable NCA as an alternative to Phoenix WinNonlin","AGPL-3 is the strongest copyleft here - relevant if you plan to embed it in a hosted service.","2026-08-26"
"amici","AMICI","software","ODE/SBML engine","qsp|stats-ml|general","https://github.com/AMICI-dev/AMICI","free","BSD-3-Clause","Python","The AMICI developers","Python/C++ interface to SUNDIALS CVODES and IDAS that imports SBML or PySB models, generates optimised C++, and computes forward, steady-state and adjoint sensitivities.","Gradient-based parameter estimation of large QSP models where finite-difference gradients are too slow","Not a GUI - you supply the model and it compiles it; needs a working C++ toolchain. Pairs with PEtab.","2026-08-26"
"catalyst-jl","Catalyst.jl","software","ODE/SBML engine","qsp|general","https://docs.sciml.ai/Catalyst/stable/","free","MIT","Julia","SciML organisation","Symbolic Julia package for chemical reaction networks: one specification generates ODE, SDE, stochastic jump, steady-state and hybrid simulations, with symbolic Jacobians.","Performance-critical or stochastic systems-pharmacology models, and the SciML sensitivity ecosystem","Julia-only, and the ecosystem moves fast with breaking releases. Smaller pharmacometrics user base than R or Python equivalents.","2026-08-26"
"libroadrunner","libRoadRunner","software","ODE/SBML engine","qsp|general","https://libroadrunner.org/","free","Apache-2.0","C++","Sauro lab and contributors","Simulation engine compiling SBML models to machine code, running time courses, steady state, stochastic simulation, sensitivity analysis and metabolic control analysis via C++, C or Python.","The fast SBML solver underneath a larger workflow when repeated simulation speed matters","A library, not an application - most learners meet it indirectly through Tellurium.","2026-08-26"
"tellurium","Tellurium","software","ODE/SBML engine","qsp|general","http://tellurium.analogmachine.org/","free","Apache-2.0","Python","sys-bio community","Python environment for systems-biology modelling bundling the libRoadRunner engine and the Antimony human-readable model language, with SBML, SED-ML and COMBINE support.","Writing a reaction network in readable text, simulating it fast, and exporting reproducible SBML/SED-ML","Tellurium itself is Apache-2.0 but it is a bundle - constituent packages carry various licences.","2026-08-26"
"gastroplus","GastroPlus","software","PBPK platform","pbpk|regulatory","https://www.simulations-plus.com/software/gastroplus/","commercial","proprietary","GUI","Simulations Plus","PBPK/PBBM platform focused on oral absorption: predicting dissolution and absorption from formulation and structure, preclinical-to-human translation, DDI and bioequivalence.","Oral absorption and formulation/biopharmaceutics questions, and virtual bioequivalence","Commercial, closed-source, time-limited evaluation only. Its absorption module is the distinguishing feature - not interchangeable with Simcyp or PK-Sim on DDI or population physiology.","2026-08-26"
"open-systems-pharmacology","Open Systems Pharmacology Suite (PK-Sim and MoBi)","software","PBPK platform","pbpk|qsp|pkpd","https://www.open-systems-pharmacology.org/","free","GPL-2","GUI","Open Systems Pharmacology Community","PK-Sim for whole-body PBPK models with built-in human and lab-animal physiology, and MoBi for custom PBPK/PD and QSP models, exchanged via the PKML format.","Learning whole-body PBPK end to end without a licence fee","Genuinely open source and free for everyone including commercial use - unusual for PBPK, where the alternatives are expensive. Windows-centric GUI; scripting is via the separate ospsuite R package. Video tutorials and docs are open without registration.","2026-08-26"
"ospsuite-r","ospsuite (OSPSuite-R)","software","PBPK platform","pbpk|qsp","https://github.com/Open-Systems-Pharmacology/OSPSuite-R","free","GPL-2","R","Open Systems Pharmacology","R package to load, modify and run simulations created in PK-Sim and MoBi: change parameters, run population simulations, PK analysis, sensitivity analysis, import and plot data.","Scripting reproducible PBPK workflows on top of a model built in the PK-Sim GUI","Not a standalone simulator - the GUI suite still has to be installed. Distributed from GitHub, not CRAN.","2026-08-26"
"simcyp","Simcyp PBPK Simulator","software","PBPK platform","pbpk|regulatory","https://www.certara.com/software/simcyp-pbpk/","commercial","proprietary","GUI","Certara","Population PBPK platform for first-in-human dose prediction, drug-drug interaction screening, paediatric and special-population modelling, and formulation assessment.","Understanding what regulatory-grade population PBPK looks like in industry","Closed commercial software with no free tier. Regulatory acceptance is real - EMA qualification and use in many approved drugs - but access is not. An academic scheme exists for institutions already holding a paid licence.","2026-08-26"
"simulations-plus-qsp","DILIsym, RENAsym, NAFLDsym and related QSP libraries","software","QSP","qsp|regulatory","https://www.simulations-plus.com/software/qsp-software/","commercial","proprietary","GUI","Simulations Plus","Pre-built disease-area QSP model libraries: drug-induced liver injury, acute kidney injury, steatotic liver disease, interstitial lung disease and pulmonary fibrosis.","Seeing what an industrially maintained, disease-specific QSP platform contains","Licensed model libraries, not a modelling language: you cannot rebuild them, and the model structure is not published in full.","2026-08-26"
"iqr-tools","IQR Tools","software","QSP","qsp|pbpk|pkpd|poppk","https://www.intiquan.com/iqr-tools/","free-academic","proprietary","R","IntiQuan GmbH","R toolbox spanning systems biology, QSP, PBPK, PK/PD and clinical trial simulation, providing a common model definition that drives NONMEM, Monolix and nlmixr for estimation.","Running one model definition across several estimation engines","Free for academia, non-profits and government; others request a quote. Free to use is not open source, and the NONMEM/Monolix back-ends are separately licensed.","2026-08-26"
"qspy","QSPy","software","QSP","qsp|pkpd","https://github.com/Borealis-BioModeling/qspy","free","BSD-2-Clause","Python","Borealis BioModeling","PySB-based Python framework for modular construction and simulation of rule-based QSP models of drug interaction with biological systems.","Adding PK/PD and dosing conventions on top of PySB rather than re-implementing them per project","Explicitly early-stage: a Work in Progress badge and version 0.1.0, no stable release. Do not build coursework on it expecting API stability.","2026-08-26"
"simbiology","SimBiology","software","QSP","qsp|pbpk|pkpd","https://www.mathworks.com/products/simbiology.html","commercial","proprietary","GUI","MathWorks","MATLAB toolbox to build, simulate and analyse QSP, PBPK and PK/PD models: parameter estimation, sensitivity analysis, Monte Carlo simulation and NCA.","QSP model building in teams already standardised on MATLAB, especially virtual-population work","Requires a paid MATLAB licence on top of the toolbox licence - the diagram interface can look free-standing but is not.","2026-08-26"
"ubiquity","Ubiquity PKPD Tools","software","QSP","qsp|pkpd|pbpk","https://ubiquity.tools/","free","BSD","R","John Harrold","Modelling system for PK, PD and QSP models: a system-file model description translated into R and MATLAB workflows, with parameter sets, NCA, pooled estimation, trial simulation and reporting.","A free, scriptable QSP/PKPD workflow with a built-in Shiny app for exploring a model","Free and BSD-licensed, but a small single-maintainer project. The MATLAB workflow needs MATLAB; the R workflow does not.","2026-08-26"
"lme4","lme4","software","R package","stats-ml|general","https://github.com/lme4/lme4","free","GPL-2","R","Ben Bolker and contributors","Fits linear, generalized linear and nonlinear mixed-effects models with nested and crossed random effects, likelihood profiling and parametric bootstrap.","Learning what random effects actually are, on ordinary hierarchical data, before meeting PK-specific NLME software","Not pharmacometrics software: no dosing records, no ODE compartments. Useful as statistical background, misleading if treated as a popPK tool.","2026-08-26"
"pmxtools","pmxTools","software","R package","poppk|pkpd","https://github.com/kestrel99/pmxTools","free","GPL-2","R","Justin Wilkins and contributors","Closed-form concentration calculations for 1-, 2- and 3-compartment models with various absorption, infusion, lag-time and steady-state cases, plus parsing of NONMEM and PsN output.","Quick closed-form PK calculations and pulling NONMEM results into R","The closed-form functions are useful with no NONMEM installed; the output-parsing half assumes NONMEM or PsN runs exist.","2026-08-26"
"ggpmx","ggPMX","software","diagnostics","poppk|pkpd","https://github.com/ggPMXdevelopment/ggPMX","free","GPL-2","R","ggPMX development team; copyright Novartis Pharma AG","ggplot2 toolbox producing publication-quality diagnostic plots and tables - residuals, EBE plots, distributions, VPCs - from Monolix, NONMEM and nlmixr fits.","One consistent diagnostic plot set across different estimation engines","Built at Novartis to standardise diagnostics following ISoP guidance. Monolix support needs the lixoftConnectors package.","2026-08-26"
"tidyvpc","tidyvpc","software","diagnostics","poppk|pkpd","https://github.com/certara/tidyvpc","free","MIT","R","Certara","Computes VPC percentiles and prediction intervals with a tidyverse-style piped interface. Supports stratification, censoring, prediction correction, binning and binless methods.","VPCs needing binless methods, censoring or prediction correction handled properly","Free and MIT-licensed even though Certara maintains it - no Certara licence needed.","2026-08-26"
"vpc","vpc","software","diagnostics","poppk|pkpd","https://github.com/ronkeizer/vpc","free","MIT","R","Ron Keizer","R package for creating visual predictive checks, the standard simulation-based diagnostic plot in pharmacometrics.","Producing a VPC regardless of which engine produced the simulations","Engine-agnostic: you supply the simulation output. Installed from GitHub. tidyvpc is a more actively developed alternative.","2026-08-26"
"xpose","xpose","software","diagnostics","poppk|pkpd","https://uupharmacometrics.github.io/xpose/","free","LGPL-3","R","Benjamin Guiastrennec, Andrew Hooker, Sebastian Ueckert, Mats Karlsson","ggplot2-based diagnostics for nonlinear mixed-effects population models. Imports NONMEM output and produces goodness-of-fit plots, individual profiles and VPCs.","Modern, customisable NONMEM diagnostic plots you can restyle with ggplot2","The ggplot2 rewrite of xpose4 - pick this for new work. Reads NONMEM output, so presumes a NONMEM licence somewhere.","2026-08-26"
"xpose4","Xpose 4","software","diagnostics","poppk|pkpd","https://github.com/UUPharmacometrics/xpose4","free","LGPL-3","R","Andrew Hooker, Mats Karlsson, Niclas Jonsson","Model-building aid for nonlinear mixed-effects population analysis with NONMEM: data exploration, visualisation, model diagnostics, covariate identification and model comparison.","Classic NONMEM diagnostics, and reproducing plots from older papers and courses","The older lattice-based generation. Much teaching material still assumes xpose4, which is why both exist.","2026-08-26"
"adapt","ADAPT","software","estimation engine","pkpd|poppk","https://bmsr.usc.edu/software/adapt/","free","BMSR Release Agreement","Fortran","Biomedical Simulations Resource, University of Southern California","Computational modelling platform for pharmacokinetic and pharmacodynamic analysis, developed and supported at USC since 1985.","Individual and population PK/PD estimation, especially maximum-likelihood and Bayesian individual fitting","Free but not open source - you must submit a Release Agreement. Windows only, and needs Intel oneAPI plus Visual Studio: a real barrier on Mac or Linux.","2026-08-26"
"monolix-suite","MonolixSuite","software","estimation engine","pkpd|poppk","https://monolixsuite.slp-software.com/","commercial","proprietary","GUI","Simulations Plus","Monolix for population PK/PD by SAEM, PKanalix for NCA, Simulx for simulation, plus an R API.","SAEM-based population modelling with a GUI, and NCA plus simulation in one toolchain","Formerly Lixoft; monolix.lixoft.com now redirects here. No pricing or academic terms stated on the page.","2026-08-26"
"nlmixr2","nlmixr2","software","estimation engine","pkpd|poppk","https://nlmixr2.org/","free","GPL-3","R","Matthew Fidler and the nlmixr2 team","R package fitting nonlinear mixed-effects models specified as differential equations with flexible dosing, using compiled C from rxode2 to solve the ODEs.","Learning population PK/PD estimation without paying for a licence","The closest free substitute for NONMEM or Monolix. Needs a C/C++ toolchain (Rtools on Windows). Worked examples include phenobarbital, nimotuzumab and a mavoglurant PBPK model.","2026-08-26"
"nonmem","NONMEM","software","estimation engine","pkpd|poppk","https://www.iconplc.com/solutions/technologies/nonmem","commercial","proprietary","Fortran","ICON plc","Nonlinear mixed-effects estimation program for population PK and PK/PD, bundled with PREDPP and NM-TRAN. Current version 7.6.","Fitting population PK/PD models in the format regulators and most industry groups expect","Annual subscription; fee not published. Distributed as Fortran 95 source, so you must supply a compatible compiler. Not usable on a zero budget.","2026-08-26"
"phoenix-nlme","Phoenix NLME","software","estimation engine","pkpd|poppk","https://www.certara.com/software/phoenix-nlme/","commercial","proprietary","GUI","Certara","Nonlinear mixed-effects engine for population PK via a graphical model editor or the Phoenix Modeling Language, with parametric and non-parametric algorithms and VPC output.","Population PK modelling when you want a GUI rather than a text control stream","Pricing not published. Free Pirana and RsNLME licences are offered for academic use.","2026-08-26"
"pmetrics","Pmetrics","software","estimation engine","poppk|pkpd","https://lapkb.org/","free","shareware with suggested donation","R","USC Laboratory of Applied Pharmacokinetics and Bioinformatics","R package for non-parametric and parametric population and individual PK/PD modelling and simulation; version 3 runs a bundled Rust engine.","Non-parametric population PK, where the parameter distribution is not assumed normal","The repo states shareware with a suggested donation rather than a standard open-source licence - read it before institutional use.","2026-08-26"
"pumas","Pumas","software","estimation engine","pkpd|poppk","https://pumas.ai/","freemium","proprietary","Julia","Pumas-AI","Commercial modelling and simulation suite for pharmacometrics built on Julia, sold alongside consulting services.","Population PK/PD modelling in Julia when speed on large problems matters","Not open source. A Pumas for Academia programme gives complimentary access for non-commercial research; commercial pricing not published. Requires learning Julia.","2026-08-26"
"saemix","saemix","software","estimation engine","poppk|stats-ml","https://saemix.r-forge.r-project.org/","free","unknown","R","saemix development group","R implementation of the Stochastic Approximation EM algorithm for parameter estimation in nonlinear mixed-effects models fitted to longitudinal data.","Understanding how SAEM works, or fitting NLME models without a PK-specific dosing layer","Licence not stated on the project page or either GitHub repo - treat as unconfirmed. No NONMEM-style dosing records out of the box.","2026-08-26"
"stan","Stan","software","estimation engine","stats-ml|general","https://mc-stan.org/","free","open source","Stan","Stan Development Team","Probabilistic programming platform for Bayesian inference with its own modelling language and interfaces from R, Python, Julia and the shell.","Learning Bayesian hierarchical modelling before adding PK structure via Torsten","Not pharmacometrics software on its own - dosing, compartments and steady state are things you write yourself, or get from Torsten.","2026-08-26"
"torsten","Torsten","software","estimation engine","pkpd|poppk|stats-ml","https://metrumresearchgroup.github.io/Torsten/","free","BSD-3-Clause","Stan","Metrum Research Group","Stan functions for pharmacometric data: one- and two-compartment analytical solutions, matrix-exponential solutions for linear systems, and ODE integration for coupled PK/PD models.","Fully Bayesian population PK/PD when you want posterior distributions rather than point estimates","The documentation warns it is still a prototype needing further testing before critical use. Uses NONMEM-style data conventions but needs no NONMEM licence. Ships runnable example models. Requires knowing Stan first.","2026-08-26"
"pfim","PFIM","software","optimal design","poppk|pkpd","http://www.pfim.biostat.fr/","free","GPL-2","R","PFIM Group, INSERM / Universite Paris Cite","Evaluates and optimises population designs for nonlinear mixed-effects models via the Fisher information matrix: number of groups, subjects per group and sampling times.","Design evaluation as an independent check on, or alternative to, PopED","PFIM 5.0 (2022) was rewritten around S4 classes, so tutorials written for PFIM 4 and earlier will not run unchanged.","2026-08-26"
"poped","PopED","software","optimal design","poppk|pkpd","https://andrewhooker.github.io/PopED/","free","LGPL-3","R","Andrew Hooker, Uppsala University","Computes optimal experimental designs for population and individual studies based on nonlinear mixed-effects models, generally via Fisher Information Matrix calculations.","Choosing sampling times and group sizes before a PK study is run","Optimal design assumes you already have a plausible model and parameter values - the answer is only as good as those priors.","2026-08-26"
"berkeley-madonna","Berkeley Madonna","software","simulation","pkpd|pbpk|general","https://berkeley-madonna.myshopify.com/","commercial","proprietary","standalone","Berkeley Madonna","General-purpose differential equation solver with a graphical flowchart interface: build models from icons, generate equations, run multiple integration schemes, fit curves.","Building and seeing an ODE model - including PBPK-style structures - without writing code","Paid; tiers listed but no prices. Used in several published tutorials (the TMDD tutorial supplement among them), which is why it still appears in the literature.","2026-08-26"
"campsis","Campsis","software","simulation","pkpd|poppk","https://github.com/Calvagone/campsis","free","GPL-3","R","Calvagone","Generic PK/PD simulation platform sitting on top of the rxode2 and mrgsolve engines: create datasets, load models, simulate and plot through one interface.","Building simulation datasets and scenarios without hand-writing engine-specific code","A wrapper, not an engine - you still need rxode2 or mrgsolve working. Smaller user base than the engines it wraps.","2026-08-26"
"mrgsolve","mrgsolve","software","simulation","pkpd|poppk|qsp|pbpk","https://mrgsolve.org/","free","GPL-2","R","Metrum Research Group","R package for simulating hierarchical ODE-based models used in drug development - PK, PK/PD, PBPK and QSP - with a C++ ODEPACK solver and a dosing/event dataset interface.","Trial simulation and QSP-scale simulation from a model whose parameters you already have","Very active: release 2.0.2, June 2026. Simulation only, no estimation. Ships a built-in model library via mread('pk1', modlib()). Models are written in a C++-flavoured spec, not SBML.","2026-08-26"
"pkpdsim","PKPDsim","software","simulation","pkpd|poppk","https://github.com/InsightRX/PKPDsim","free","MIT","R","InsightRX","R library for numerical integration of ODE systems aimed at PK-PD mixed-effects models, supporting ADVAN-style analytical solutions alongside numerical solving.","Simulating dosing regimens quickly, including from published literature models","Ships pre-built literature models as installable packages - convenient, but the model is only as good as that transcription.","2026-08-26"
"rxode2","rxode2","software","simulation","pkpd|poppk","https://nlmixr2.github.io/rxode2/","free","GPL","R","Matthew Fidler, Wenping Wang, Melissa Hallow","R package for simulating from ODE-based pharmacometric models. Equations are written in an R-like mini-syntax, translated to C and compiled.","Fast simulation from a PK/PD model you wrote yourself; also the solver under nlmixr2","Successor to RxODE - use rxode2 for new work. Needs a C compiler. Simulation only; estimation comes from nlmixr2.","2026-08-26"
"simulx","Simulx","software","simulation","pkpd|poppk|qsp","https://monolixsuite.slp-software.com/simulx/","commercial","proprietary","GUI","Simulations Plus","Clinical trial simulation application: define populations, covariates, parameters and dosing regimens, simulate user-designed scenarios and compute endpoints.","Trial simulation and what-if dosing scenarios from a model fitted in Monolix","Part of the commercial MonolixSuite; model import is oriented to Monolix/PKanalix projects, so not a general-purpose SBML engine. Has an R API.","2026-08-26"
"basico","BasiCO","software","systems biology","qsp|general","https://github.com/copasi/basico","free","Artistic-2.0","Python","Frank Bergmann / COPASI","Python wrapper exposing COPASI model I/O, time-course simulation, parameter estimation, optimisation, steady-state and sensitivity analysis as plain Python calls.","Automating COPASI runs from a Jupyter notebook instead of clicking through the GUI","A convenience layer over COPASI, so COPASI's numerics and limitations apply.","2026-08-26"
"bionetgen","BioNetGen","software","systems biology","qsp|general","https://bionetgen.org/","free","MIT","C++","Faeder Lab, University of Pittsburgh","Rule-based modelling framework using a graph-based language (BNGL) to specify signal transduction, metabolic and gene regulatory networks from structured binding and modification objects.","Receptor-binding and signalling models where enumerating every complex by hand is impractical","The homepage does not state a licence; the RuleWorld repository does. Requires a Perl runtime, which trips up newcomers - and PySB depends on it.","2026-08-26"
"copasi","COPASI","software","systems biology","qsp|general","https://copasi.org/","free","Artistic-2.0","GUI","COPASI team (Hoops, Mendes and colleagues)","Simulator and analysis tool for biochemical networks: reads SBML, runs deterministic ODE, SDE and stochastic simulations, and performs parameter estimation and optimisation.","A first hands-on tool for reaction-network modelling and parameter estimation without writing code","Open source and free for commercial use too. A systems-biology tool, not a PK platform - no built-in dosing regimens, physiology or population machinery.","2026-08-26"
"cytoscape","Cytoscape","software","systems biology","qsp|general","https://cytoscape.org/","free","unknown","GUI","Cytoscape Consortium","Platform for visualising interaction networks and layering attribute data onto them, extensible through apps, used for molecular and pathway data.","Exploring and drawing the pathway topology behind a QSP model before any equations are written","Visualisation and network analysis only - it does not simulate dynamics, so it complements rather than replaces a QSP engine.","2026-08-26"
"petab","PEtab","software","systems biology","qsp|stats-ml|general","https://github.com/PEtab-dev/PEtab","free","MIT","n/a","PEtab-dev community","TSV-plus-SBML format specifying a parameter estimation problem - measurements, observables, noise models, parameter bounds, simulation conditions - outside the model file.","Making a fitting problem portable and reproducible across estimation tools instead of hard-coding it","A specification, not a solver: you still need a tool that consumes it, such as AMICI or pyPESTO.","2026-08-26"
"pysb","PySB","software","systems biology","qsp|general","https://pysb.org/","free","BSD-2-Clause","Python","Lopez Lab (Vanderbilt) and Sorger Lab (Harvard Medical School)","Framework for writing rule-based models of biochemical systems as Python programs, using a domain-specific language translated into equations.","Treating a mechanistic model as version-controlled, testable code rather than a GUI file","Requires Perl and BioNetGen for network generation. A research-group project - support is community-based.","2026-08-26"
"sbmlutils","sbmlutils","software","systems biology","qsp|general","https://github.com/matthiaskoenig/sbmlutils","free","MIT","Python","Matthias Koenig","Python toolkit built on libsbml for creating and modifying SBML models, adding annotations, converting formats and generating HTML model reports via SBML4Humans.","Programmatically assembling or annotating SBML models, and producing a readable report of someone else's model","Manipulates models but does not simulate them - pair it with libRoadRunner, COPASI or AMICI.","2026-08-26"
"sbtab","SBtab","software","systems biology","qsp|general","https://www.sbtab.net/","free","unknown","n/a","not named on the page","Table conventions for systems biology data - defined column names plus a syntax for semantic annotations - with an online validator, SBML converter and customiser.","Keeping model parameters and data in spreadsheets that stay machine-readable","Conventions plus small web utilities, much less widely adopted than SBML. The site names neither maintainers nor a licence.","2026-08-26"
"sbml","Systems Biology Markup Language (SBML)","software","systems biology","qsp|general","https://sbml.org/","free","unknown","n/a","SBML community","Open XML-based format for describing computational models in biology, so models can be exchanged and stored independently of the software that built them.","Understanding why a model built in one tool can be opened in another, and where model repositories get their files","A format, not an application - libSBML and JSBML are the libraries that read and write it. PK concepts such as dosing regimens are largely outside its scope.","2026-08-26"
"vcell","Virtual Cell (VCell)","software","systems biology","qsp|general","https://vcell.org/","free","unknown","GUI","Center for Cell Analysis and Modeling, UConn Health","Platform for modelling cell-biological systems with deterministic, stochastic, spatial and particle-based simulation, from compartmental models to geometry-resolved cellular simulations.","Spatially resolved sub-cellular mechanism modelling - the one case compartmental QSP tools cannot help with","Free, but simulations run on remote servers backed by a central model database, so the account model is web-based rather than fully local. Licence not stated.","2026-08-26"
"httk","httk (High-Throughput Toxicokinetics)","software","toxicology","pbpk|pharmacology","https://github.com/USEPA/CompTox-ExpoCast-httk","free","MIT or GPL-3 - conflicting","R","US Environmental Protection Agency","Open toxicokinetic data and PBTK models parameterised from in vitro measurements, pre-parameterised for hundreds of chemicals, for IVIVE and reverse dosimetry.","Running a real PBPK model for a named chemical in one line of R, with parameters already supplied","Built for environmental toxicology, so its physiologies are simpler than PK-Sim or Simcyp. Licence signals conflict - GitHub says MIT, CRAN says GPL-3; check DESCRIPTION before redistributing.","2026-08-26"
"plethem","PLETHEM","software","toxicology","pbpk","https://github.com/ScitoVation/PLETHEM","free","MIT","R","ScitoVation","Builds and runs PBPK models through a browser-based interface, with master/user/project chemical databases and saveable projects for reproducibility.","A GUI-driven route into PBPK for toxicology and exposure work without leaving R","Installed from GitHub, not CRAN, and needs an initial local-database setup step. The plethem.com site returned no readable content when checked.","2026-08-26"
"psn","Perl-speaks-NONMEM (PsN)","software","workflow","poppk|pkpd","https://uupharmacometrics.github.io/PsN/","free","GPL-2","Perl","Uppsala University Pharmacometrics group","Perl programs automating NONMEM model development, from extracting parameter estimates to bootstrap, VPC and stepwise covariate model building. Version 5.7.1, May 2026.","Running bootstraps, VPCs and covariate model building around NONMEM without scripting each one","PsN is free but drives NONMEM - you still need a paid NONMEM licence for it to be useful. Requires Perl.","2026-08-26"
"pharmpy","Pharmpy","software","workflow","poppk|pkpd","https://pharmpy.github.io/latest/","free","unknown","Python","Uppsala University Pharmacometrics group","Pharmacometric modelling package covering dataset and model-file manipulation, automated model-building tools and results reporting. Parses NONMEM models and targets nlmixr2 and rxode2.","Scripting pharmacometric workflows in Python; the modern successor path to PsN-style automation","Stated as open source but the docs home does not name the licence. NONMEM-backed workflows need a NONMEM licence; the nlmixr2/rxode2 backends do not.","2026-08-26"
"pirana","Pirana Modeling Workbench","software","workflow","poppk|pkpd","https://www.certara.com/software/pirana/","commercial","proprietary","GUI","Certara","Graphical workbench organising pharmacometric workflows across NONMEM, PsN and Xpose/R, tracking model runs and results.","Keeping track of dozens of NONMEM model runs during model development","Free Pirana licences are available for academic use per Certara's NLME page. Organises other tools - it does not estimate anything itself.","2026-08-26"
"nhanes","NHANES Questionnaires, Datasets and Related Documentation","repository","dataset","poppk|pbpk|general","https://wwwn.cdc.gov/nchs/nhanes/Default.aspx","free","unknown","SAS transport","CDC National Center for Health Statistics","Downloadable US survey data by component - demographics, dietary, examination, laboratory, questionnaire - for continuous cycles from 1999 to 2025-2026, plus NHANES I-III.","Building realistic covariate distributions - weight, height, BMI, age, creatinine - for virtual populations in PBPK and popPK simulation","Public download with no login for standard components; the page links a Data User Agreement, and a separate Limited Access category exists for restricted files. Actively updated.","2026-08-26"
"nlmixr2data","nlmixr2data","repository","dataset","poppk|pkpd","https://nlmixr2.github.io/nlmixr2data/reference/index.html","free","GPL-3","R","nlmixr2 development team","26 documented example datasets in one R package: theophylline single and multiple dose, warfarin PK/PD, phenobarbital, mavoglurant, nimotuzumab, neonatal weights and 12 simulated ACoP sets.","The most convenient single source of classic teaching PK/PD datasets in analysis-ready form","Actively maintained. Includes nmtest, a one-compartment dataset with reference NONMEM 7.4.3 output - useful for checking your own solver against a known answer.","2026-08-26"
"pharmaverseadam","pharmaverseadam","repository","dataset","regulatory|stats-ml","https://github.com/pharmaverse/pharmaverseadam","free","Apache-2.0","R","pharmaverse council (GSK, Sanofi, Roche, Novo Nordisk, J&J, Novartis)","Synthetic ADaM-format clinical trial datasets generated by running templates from admiral and its therapeutic-area extensions.","Practising the CDISC data-standards side of pharmacometrics - building analysis datasets in the shape a real submission uses","Actively regenerated when upstream admiral packages release. Sister packages pharmaversesdtm and pharmaverseraw cover the other layers. Data are synthetic, not real patients.","2026-08-26"
"nlme-phenobarb","Phenobarb (R nlme package)","repository","dataset","poppk|pkpd","https://stat.ethz.ch/R-manual/R-devel/library/nlme/html/Phenobarb.html","free","GPL","R","R Core Team / nlme authors","744 rows from a phenobarbital study in newborn infants given the drug for seizure prevention: subject, birth weight, Apgar score, time, dose and concentration.","The canonical sparse-sampling population PK teaching dataset, used in nearly every NONMEM course","Cited to Grasela and Donn (1985), with later analyses by Boeckmann, Sheiner and Beal (1994) and Davidian and Giltinan (1995). Stable, no registration.","2026-08-26"
"physionet","PhysioNet Databases","repository","dataset","stats-ml|general","https://physionet.org/about/database/","free","varies by entry","CSV|WFDB","PhysioNet / MIT Laboratory for Computational Physiology","Hundreds of physiological and clinical databases with software: ECG, EEG, respiratory and wearable-sensor data, imaging, clinical notes and electronic health records.","Real-world longitudinal patient data - dosing, vitals and labs - for model-informed precision dosing exercises","Three access tiers. Only the Open Access tier meets a download-without-permission bar; Restricted and Credentialed tiers (MIMIC among them) require a data use agreement or formal credentialing.","2026-08-26"
"pk-db","PK-DB","repository","dataset","pkpd|poppk|pbpk","https://pk-db.com/","free","unknown","REST/JSON","Matthias Koenig and collaborators","Open pharmacokinetics database: 819 studies, 2,454 groups, 17,285 individuals, 2,392 interventions, 138,411 outputs and 6,103 timecourses, curated from published literature.","Real, curated human PK timecourses and subject-level covariates from published studies via an open API - no registration to read","Figures verified from the live public API endpoint, since the HTML front end is a JavaScript app. Source code released on Zenodo.","2026-08-26"
"pkpddatasets","PKPDdatasets","repository","dataset","pkpd|poppk","https://github.com/dpastoor/PKPDdatasets","free","unknown","R","Devin Pastoor","R data package collecting pharmacokinetic and pharmacodynamic datasets for pharmacometrics and translational medicine, installed from GitHub.","An extra pool of PK/PD datasets beyond the ones bundled with modelling packages","Verified to exist but thin: 19 commits, datasets not enumerated on the landing page, no licence declared. Treat as a small personal collection, not a maintained repository.","2026-08-26"
"r-datasets-theoph","Theoph and Indometh (R datasets package)","repository","dataset","pkpd|poppk","https://stat.ethz.ch/R-manual/R-devel/library/datasets/html/Theoph.html","free","GPL","R","R Core Team","Theoph: 132 rows from 12 subjects with weight, dose, time and concentration, from an oral theophylline study, 11 samples over 25 hours. Indometh sits alongside it.","The authoritative, citable home of the two classic teaching PK datasets - already installed with any R","Theoph's cited primary source is Boeckmann, Sheiner and Beal (1994), NONMEM Users Guide Part V. Permanently stable, no registration.","2026-08-26"
"biomodels","BioModels","repository","model repository","qsp|pharmacology|general","https://www.ebi.ac.uk/biomodels/","free","varies by entry","SBML","EMBL-EBI","3,595 mathematical models of biological and biomedical systems in standard formats: 1,096 manually curated, 1,666 non-curated, 833 auto-generated. Literature-based and freely downloadable.","Downloading a curated, runnable SBML model of a signalling or disease pathway","The page announces a transition to the University of Florida with a new URL at biomodels.org, which returned 403 when checked - the EBI URL remains the working entry point. Licence terms vary by model.","2026-08-26"
"ddmore-repository","DDMoRe Model Repository","repository","model repository","poppk|pkpd","https://repository.ddmore.foundation/","free","unknown","PharmML|NONMEM","DDMoRe Foundation","Free repository of pharmacometric models - 128 models as of March 2018, of which 51 encoded in PharmML alongside the original NONMEM and Monolix control streams.","Published population PK/PD control streams; still the largest free collection of NONMEM-style pharmacometric models","EFFECTIVELY DORMANT. Models are still downloadable but every date signal stops in 2018, and the page flags an unresolved bug where new registrations did not receive login credentials. Use as a static archive.","2026-08-26"
"jws-online","JWS Online","repository","model repository","qsp|general","https://jjj.bio.vu.nl/","free","unknown","SBML","Jacky Snoep and colleagues","Browser-based tool for construction, modification and simulation of kinetic models plus storage of curated models, running time evolutions, steady states and metabolic control analysis.","Simulating a curated kinetic model in a browser with no install","Model count could not be verified - the model listing is blocked to automated fetching. The most recent publication cited is 2004 and the page has no recent-activity timestamps, so currency is uncertain.","2026-08-26"
"osp-github","Open Systems Pharmacology GitHub organisation","repository","model repository","pbpk|qsp","https://github.com/Open-Systems-Pharmacology","free","varies by entry","C#|C++|R","Open Systems Pharmacology community","Around 400 public repositories behind PK-Sim and MoBi: the PBPK model library, qualification reports, OSPSuite-R, the SimModel calculation engine and workflow packages.","The umbrella entry point - free PBPK software plus every model, report and R interface that goes with it","Active through mid-2026. Licences differ per repository and are not stated at organisation level.","2026-08-26"
"osp-pbpk-model-library","OSP PBPK Model Library","repository","model repository","pbpk|pkpd","https://github.com/Open-Systems-Pharmacology/OSP-PBPK-Model-Library","free","unknown","PK-Sim/MoBi (pkml)","Open Systems Pharmacology","Library of released whole-body PBPK substance models with evaluation reports - around 45 compounds including midazolam, rifampicin, itraconazole, digoxin and sildenafil.","Getting a published, qualified PBPK model for a real drug and re-running or extending it, without asking anyone","Actively maintained, with open issues and pull requests at time of check. Licence not stated on the repo page.","2026-08-26"
"osp-qualification-reports","OSP Qualification Reports","repository","model repository","pbpk|regulatory","https://github.com/Open-Systems-Pharmacology/OSP-Qualification-Reports","free","unknown","PK-Sim/MoBi (pkml)","Open Systems Pharmacology","Qualification packages regenerated with each OSP release: DDI reports for CYP1A2, CYP2C19, CYP3A4, P-gp and UGT; paediatric ontogeny packages; and a chronic kidney disease report.","Seeing how a PBPK platform is formally qualified against clinical data - complete worked examples","Clearly alive: latest release July 2026. Licence not stated on the repo page.","2026-08-26"
"physiome-repository","Physiome Repository","repository","model repository","qsp|general","https://models.physiomeproject.org/welcome","free","varies by entry","CellML","Physiome Project / CellML curators","Curated collection of CellML and FieldML models plus musculoskeletal scaffolds, browsable by category with a curation status assigned by the CellML repository curators.","Physiological and cell-level models in CellML, with curation flags indicating which actually simulate","Site loads and search works, but the welcome page carries no last-updated or model-count signal, so activity could not be confirmed. Same resource as the CellML model repository.","2026-08-26"
"bionumbers","BioNumbers","repository","parameter reference","qsp|general","https://bionumbers.hms.harvard.edu/search.aspx","free","unknown","n/a","Milo lab, Weizmann Institute of Science","Searchable database of molecular and cell biology reference numbers with literature citations for each value.","Finding a cited value for a cell count, protein concentration, turnover rate or volume when parameterising a QSP model","Search interface is live, but total entry count and licence terms are not stated on either the search or About page.","2026-08-26"
"epa-physiological-database","EPA Physiological Information Database (PID)","repository","parameter reference","pbpk|regulatory","https://cfpub.epa.gov/ncea/risk/recordisplay.cfm?deid=202847","free","unknown","MS Access","US Environmental Protection Agency, NCEA","Physiological parameter values for PBPK modelling - alveolar ventilation, blood flows, tissue volumes, glomerular filtration rate - for humans across all life stages and for laboratory rodents.","Sourcing defensible, literature-traced system parameters when building a PBPK model rather than copying a textbook table","STATIC ARCHIVE: final release September 2009, page last updated 2010. Still freely downloadable and still the most complete free compilation of its kind.","2026-08-26"
"human-protein-atlas","The Human Protein Atlas","repository","parameter reference","qsp|pharmacology","https://www.proteinatlas.org/","free","unknown","TSV|XML","SciLifeLab, KTH and Uppsala University","Nine data sections - Tissue, Brain, Single Cell, Subcellular, Cancer, Blood, Cell Line, Structure and Interaction - plus focused sets for the secretome, membrane proteome and druggable proteome.","Establishing target, enzyme and transporter expression across human tissues when specifying compartments in a QSP or PBPK model","Actively updated into 2026. Described as open access, but the specific licence is not stated on the landing page - check before redistribution.","2026-08-26"
"biosimulations","BioSimulations","repository","reproducibility","qsp|general","https://biosimulations.org/","free","unknown","SBML|CellML|SED-ML","Center for Reproducible Biomedical Modeling","Portal for publishing, discovering and running dynamical biology simulation projects packaged as COMBINE/OMEX archives, supporting 60+ algorithms across 20+ simulation tools.","Rerunning a published simulation exactly as the authors specified it - model, experiment and expected output in one archive","Genuinely runnable in-browser, but small: the public API listed only around 10 projects, mostly textbook models. Documentation activity spans 2019-2021, so maintenance may have slowed.","2026-08-26"
"cptpsp-tutorial-2019","cptpsp-tutorial-2019 (QSP and PBPK with mrgsolve)","repository","reproducibility","pbpk|qsp","https://github.com/metrumresearchgroup/cptpsp-tutorial-2019","free","unknown","R","Metrum Research Group","Complete code for the CPT:PSP hands-on tutorial: a voriconazole PBPK model, an extended version with mechanistic oral absorption and intestinal clearance, and a MAPK QSP model.","The best single worked example of a published PBPK plus QSP tutorial you can clone and rerun end to end","Includes model files, digitised clinical observations, a virtual population and tissue composition data. A snapshot tied to the 2019 paper rather than an evolving project; no explicit licence file.","2026-08-26"
"metrum-github","Metrum Research Group GitHub organisation","repository","reproducibility","pkpd|poppk|qsp","https://github.com/metrumresearchgroup","free","varies by entry","R|C++|Stan","Metrum Research Group","Around 120 public repositories spanning pharmacometrics and QSP: mrgsolve, Torsten, pkgr, bbr, pmplots and mrgda, plus tutorial repositories accompanying published papers.","Browsing an entire open pharmacometrics toolchain plus the paper-accompanying model code","Highly active through mid-2026. Licences differ per repository - mrgsolve GPL-2, Torsten BSD-3-Clause.","2026-08-26"
"pumasai-labs","PumasAI Labs GitHub organisation","repository","reproducibility","poppk|pkpd|stats-ml","https://github.com/PumasAI-Labs","free","varies by entry","Julia","Pumas-AI","Around 25 repositories of workshop and tutorial material: Bayesian, optimal design, ACoP and PAGANZ NLME workshops, and DeepPumas workshop code.","Downloading complete conference-workshop code and slides for population NLME, Bayesian and optimal-design modelling","Active into 2026. The code targets Pumas, whose full product is commercial, but the workshop repositories themselves are public.","2026-08-26"
"chebi","ChEBI - Chemical Entities of Biological Interest","reference","chemistry","pharmacology","https://www.ebi.ac.uk/chebi/","free","unknown","n/a","EMBL-EBI","Manually curated database and ontology of chemical entities - over 195,000 entries covering natural and synthetic small molecules used to intervene in living systems.","Getting an ontology-grounded chemical identity and classification for a compound used in a model or dataset","Described as open access but no specific licence is stated, so recorded as unknown.","2026-08-26"
"chemspider","ChemSpider","reference","chemistry","pharmacology","https://www.chemspider.com/","free","unknown","n/a","Royal Society of Chemistry","Free chemical structure database giving access to over 100 million structures aggregated and deduplicated from hundreds of sources, with links back to the originating sources.","Resolving a name, synonym or structure to identifiers and comparing physicochemical values across sources","Free to search, but neither the homepage nor the About page states any data licence or terms of use - redistribution rights unverified.","2026-08-26"
"drugbank","DrugBank","reference","chemistry","pharmacology","https://go.drugbank.com/","freemium","proprietary; some datasets CC BY-NC 4.0","n/a","DrugBank","Commercial drug knowledgebase of drug profiles, targets, pathways, chemical structures, diseases, clinical trials and companies, searchable online with a free account.","A quick consolidated drug monograph - targets, metabolism, ADME notes - when you accept you cannot redistribute what you read","THE BIGGEST LICENCE HAZARD HERE. The site states use or redistribution of any DrugBank content requires a licence. Academic dataset downloads were suspended at time of check. Only a small Open Data subset is CC0. Do not redistribute.","2026-08-26"
"drugcentral","DrugCentral","reference","chemistry","pharmacology","https://drugcentral.org/","free","CC BY-SA 4.0","n/a","Division of Translational Informatics, University of New Mexico","Online drug compendium: around 4,995 active ingredients and 152,476 pharmaceutical products with bioactivities and indications, plus veterinary coverage.","Linking an approved drug to its targets, indications and regulatory identifiers in one openly licensed download","CC BY-SA 4.0, so compatible with this curriculum's licence. Share-alike applies to derivatives; no academic/commercial split stated.","2026-08-26"
"pubchem","PubChem","reference","chemistry","pharmacology","https://pubchem.ncbi.nlm.nih.gov/","free","mostly public domain; depositor content varies","n/a","NCBI, US National Library of Medicine","NCBI's chemistry database - the largest free chemistry database - holding depositor-contributed substances, standardised compounds and bioassay results.","Getting a structure, identifier or physicochemical property for a compound in seconds","NCBI states no restrictions on its molecular databases but warns PubChem also contains depositor material protected by copyright, and that NCBI cannot grant unrestricted redistribution. Check per-record provenance.","2026-08-26"
"ctis","Clinical Trials Information System (CTIS) public portal","reference","clinical trials","pharmacology|regulatory","https://euclinicaltrials.eu/","free","unknown","n/a","EU/EEA national competent authorities and ethics committees","Public portal of the EU Clinical Trials Information System, covering individual trials launched since 31 January 2022 across up to 30 EU/EEA countries.","Checking the current authorised protocol and status of an EU trial started under the Clinical Trials Regulation","Trials started before 31 January 2022 are in the older EU Clinical Trials Register instead. No data-reuse or download statement on the page.","2026-08-26"
"clinicaltrials-gov","ClinicalTrials.gov","reference","clinical trials","pharmacology|regulatory","https://clinicaltrials.gov/","free","public domain by convention; not stated on site","n/a","US National Library of Medicine","Registry and results database of clinical studies; the API reports around 600,000 study records, each retrievable as structured JSON including design, arms, eligibility and posted results.","Finding dose levels, sampling schedules and populations actually studied for a compound before building a trial-simulation scenario","Record count verified from the public API, which needs no key; the web UI is JavaScript-rendered. No explicit licence statement was retrievable.","2026-08-26"
"eu-clinical-trials-register","EU Clinical Trials Register","reference","clinical trials","pharmacology|regulatory","https://www.clinicaltrialsregister.eu/","free","unknown","n/a","European Medicines Agency and Heads of Medicines Agencies","Legacy EU register displaying information on EudraCT trials; the page states all ongoing EU/EEA trials are now shown through CTIS instead.","Retrieving protocol and result-summary details for older EudraCT-era European trials","Now essentially a historical archive alongside CTIS. No record counts or reuse terms given.","2026-08-26"
"who-ictrp","WHO International Clinical Trials Registry Platform","reference","clinical trials","pharmacology|regulatory","https://www.who.int/clinical-trials-registry-platform","free","unknown","n/a","World Health Organization","Platform aggregating records from a network of primary trial registries, including ClinicalTrials.gov, into one search portal; WHO coordinates the network rather than running a registry.","Catching trials registered outside the US and EU registries when scoping global evidence for a compound","Access via the trialsearch portal, an API, monthly downloads and a records folder on request. No reuse licence stated on this page.","2026-08-26"
"dailymed","DailyMed","reference","drug label","pharmacology|regulatory","https://dailymed.nlm.nih.gov/dailymed/","free","public domain (site); label text from manufacturers","n/a","US National Library of Medicine","The most recent labelling submitted to FDA and currently in use: over 157,000 labelled submissions covering prescription and OTC human and animal drugs, devices and supplements.","Reading the current Structured Product Label, including the clinical pharmacology and DDI sections, for a marketed US product","Offers bulk download of all labels plus web-service APIs. Label content originates from manufacturers even though the site itself is public domain.","2026-08-26"
"drugs-at-fda","Drugs@FDA","reference","drug label","pharmacology|regulatory","https://www.accessdata.fda.gov/scripts/cder/daf/","free","public domain","n/a","FDA CDER","Searchable record of FDA-approved drug products by name, active ingredient or application number, with current approved labelling and FDA staff review documents.","Retrieving the clinical pharmacology review or approval package behind a dosing decision - the single best free source of worked regulatory analyses","Excludes CBER-regulated products such as vaccines and cell therapies - use the Purple Book for those.","2026-08-26"
"emc-uk","electronic medicines compendium (eMC)","reference","drug label","pharmacology|regulatory","https://www.medicines.org.uk/emc","free","unknown","n/a","Datapharm","UK regulated medicines information: Summaries of Product Characteristics and patient leaflets for licensed medicines, browsable by product name or active ingredient.","Reading the UK SmPC, pharmacokinetic properties section included, for a licensed medicine","Free to browse but run by a commercial company. The legal and privacy notice returned 404 when checked, so do not assume redistribution rights for SmPC text.","2026-08-26"
"ema-medicines","EMA Medicines database","reference","drug label","pharmacology|regulatory","https://www.ema.europa.eu/en/medicines","free","unknown","n/a","European Medicines Agency","Database of centrally authorised human and veterinary medicines and herbal products, with European Public Assessment Reports and product information.","Locating the EPAR and its clinical pharmacology and popPK sections for an EU-centrally-authorised medicine","Nationally authorised medicines are not covered. Offers Excel download of medicine data. No reuse licence could be verified - EMA's legal notice pages returned 404 when checked.","2026-08-26"
"fda-orange-book","FDA Orange Book","reference","drug label","pharmacology|regulatory","https://www.accessdata.fda.gov/scripts/cder/ob/index.cfm","free","public domain","n/a","FDA CDER","FDA-approved drug products with therapeutic equivalence evaluations, searchable by name, ingredient, application number, dosage form and route, plus patent and exclusivity data.","Checking therapeutic-equivalence coding and patent status when framing a generic bioequivalence question","Downloadable data files updated monthly.","2026-08-26"
"fda-purple-book","FDA Purple Book","reference","drug label","pharmacology|regulatory","https://purplebooksearch.fda.gov/","free","public domain","n/a","FDA","All FDA-licensed biological products including biosimilars, interchangeable products and their reference products, plus CBER-regulated products, searchable by brand or generic name.","Establishing which biologic is the reference product and whether a biosimilar is rated interchangeable","Includes a data export. Complements Drugs@FDA, which excludes CBER products.","2026-08-26"
"openfda-drug-label","openFDA Drug Labeling API","reference","drug label","pharmacology|regulatory","https://open.fda.gov/apis/drug/label/","free","CC0 1.0 / public domain","n/a","FDA openFDA","API serving FDA Structured Product Label files for prescription and OTC drugs, annotated and converted to JSON; records span June 2009 onward.","Programmatically mining label sections - CYP interaction or renal-impairment text - across hundreds of products at once","Terms state most content is CC0: copy, modify, distribute even commercially without asking permission. Third-party data with restricted rights is marked. Call volume may be limited.","2026-08-26"
"biorxiv","bioRxiv","reference","literature","pharmacology|general","https://www.biorxiv.org/","free","author-selected per preprint","n/a","openRxiv","Preprint server for biology, letting scientists share findings before peer review and formal publication.","Catching new pharmacology and modelling methods months before journal publication","Each preprint carries the licence its authors selected, so redistribution rights must be checked per item.","2026-08-26"
"europe-pmc","Europe PMC","reference","literature","pharmacology|general","https://europepmc.org/","free","varies per record","n/a","EMBL-EBI with the Europe PMC Funders' Group","Life-sciences literature search over articles, preprints and more, free to anyone, with RESTful APIs, an OAI service and bulk downloads for developers.","Full-text searching rather than abstract-only, across articles and preprints including grant-linked literature","Reuse rights depend on each record's own licence - open-access subsets differ from abstract-only records.","2026-08-26"
"medrxiv","medRxiv","reference","literature","pharmacology|general","https://www.medrxiv.org/","free","author-selected per preprint","n/a","openRxiv","Preprint repository for the health sciences, hosting preprints across more than 50 subject categories.","Finding pre-publication clinical evidence - dosing, trial results, pharmacogenomics - for a drug under active study","No screening or licensing terms on the landing page; per-preprint licences apply.","2026-08-26"
"pubmed","PubMed","reference","literature","pharmacology|general","https://pubmed.ncbi.nlm.nih.gov/","free","public domain for citation records; full text varies","n/a","US National Library of Medicine","More than 40 million citations for biomedical literature from MEDLINE, life science journals and online books, with links to full text at PubMed Central and publisher sites.","Systematically finding the primary PK/PD literature behind a model assumption - and the tool this curriculum verifies every citation against","Free to search. Full-text articles including PMC content are protected by copyright - abstracts and full text are not automatically redistributable.","2026-08-26"
"semantic-scholar","Semantic Scholar","reference","literature","pharmacology|stats-ml|general","https://www.semanticscholar.org/","free","unknown; API governed by a licence agreement","n/a","Ai2 (Allen Institute for AI)","Free research tool for scientific literature indexing over 237 million papers across all fields, with citation context and an API offering paper search.","Tracing citation networks across pharmacometrics and machine-learning literature at once","Free to use with no paywall. The API and datasets are governed by a separate licence agreement whose terms were not on the fetched page.","2026-08-26"
"kegg","KEGG: Kyoto Encyclopedia of Genes and Genomes","reference","pathways","pharmacology|qsp","https://www.genome.jp/kegg/","free-academic","proprietary","n/a","Kanehisa Laboratories","Integrated database collection spanning PATHWAY, BRITE, MODULE, ORTHOLOGY, GENES, GENOME, COMPOUND, REACTION, ENZYME, NETWORK, DISEASE, DRUG and MEDICUS.","Getting a curated pathway or drug-metabolism map to scaffold a QSP or systems model","LICENCE TRAP. The legal page states KEGG is not a public database and is not publicly funded. Academic users may browse free for research; academic service providers need a subscription; commercial users must license through Pathway Solutions. Do not redistribute.","2026-08-26"
"reactome","Reactome Pathway Database","reference","pathways","pharmacology|qsp","https://reactome.org/","free","CC0 (data); CC BY 4.0 (illustrations)","SBML|BioPAX","EMBL-EBI, NYU Langone, OHSU and OICR","Free, open-source, curated and peer-reviewed pathway database. Version 97, June 2026: 2,883 human pathways, 16,423 reactions, 11,694 proteins, 2,188 small molecules and 43,308 literature references.","Sourcing a reaction-level, literature-referenced pathway topology to seed or sanity-check a mechanistic model","Data under CC0 with no attribution required and commercial use permitted; illustrations CC BY 4.0; software Apache 2.0. Very much alive, with quarterly-style releases.","2026-08-26"
"gene-ontology","The Gene Ontology Resource","reference","pathways","pharmacology|qsp","https://geneontology.org/","free","CC BY 4.0","n/a","Gene Ontology Consortium","Computational representation of gene function across molecular, cellular and tissue-system levels: GO terms plus annotations linking gene products to those terms across many species.","Assigning consistent functional vocabulary to targets or gene sets in a mechanistic or omics-linked analysis","CC BY 4.0. Redistribution should name the Gene Ontology, the release date and the Zenodo DOI, and keep the copyright notice and warranty disclaimer.","2026-08-26"
"wikipathways","WikiPathways","reference","pathways","pharmacology|qsp","https://www.wikipathways.org/","free","CC0","GPML|GMT|SVG","Community-curated; Maastricht University and Gladstone Institutes","Open science platform of biological pathways contributed, updated and used by the research community, with pathways available as GPML, GMT and SVG and through APIs.","Grabbing an editable, freely redistributable pathway diagram when KEGG's licence blocks reuse","CC0 public-domain dedication - the safest pathway source for a curriculum that must redistribute content.","2026-08-26"
"cpic","CPIC - Clinical Pharmacogenetics Implementation Consortium","reference","pharmacogenomics","pharmacology","https://www.clinpgx.org/cpic","free","unknown","n/a","CPIC, hosted on ClinPGx","Peer-reviewed gene-drug prescribing guidelines; the CPIC API returns 29 guideline records including CYP2D6 and opioids, CYP2C9/VKORC1 and warfarin, and TPMT/NUDT15 and thiopurines.","Deciding whether a genotype should change the dose of a specific drug, and by how much","cpicpgx.org now redirects to clinpgx.org, which is JavaScript-only, so no licence text could be read. Guideline inventory verified through the open API. Do not redistribute guideline content without checking.","2026-08-26"
"fda-pharmacogenetic-associations","FDA Table of Pharmacogenetic Associations","reference","pharmacogenomics","pharmacology|regulatory","https://www.fda.gov/medical-devices/precision-medicine/table-pharmacogenetic-associations","free","public domain","n/a","FDA","FDA-evaluated drug-gene pairs in three sections: associations supporting therapeutic management recommendations; those affecting safety or response; and those with potential impact on pharmacokinetics only.","Seeing which pharmacogenetic associations FDA itself considers PK-relevant versus dosing-actionable","Page content last updated October 2022 - check the current label too. FDA stresses inclusion does not mean testing must precede prescribing.","2026-08-26"
"fda-ddi-tables","FDA Table of Substrates, Inhibitors and Inducers","reference","pharmacogenomics","pharmacology|pbpk|regulatory","https://www.fda.gov/drugs/drug-interactions-labeling/drug-development-and-drug-interactions-table-substrates-inhibitors-and-inducers","free","public domain","n/a","FDA CDER","FDA tables of in vitro CYP marker reactions, selective inhibitors and inducers, clinical index substrates, inhibitors and inducers, and transporter substrates and inhibitors.","Choosing a regulatorily acceptable index substrate, inhibitor or inducer when designing or simulating a DDI study","Content current as of June 2023. Explicitly not exhaustive; entries selected on sensitivity, specificity and safety, drawing on the University of Washington Drug Interaction Database.","2026-08-26"
"bindingdb","BindingDB","reference","target database","pharmacology","https://www.bindingdb.org/rwd/bind/info.jsp","free","CC BY 3.0; CC BY-SA 3.0 for ChEMBL-derived rows","n/a","Gilson group, UC San Diego","Public database of measured binding affinities: around 3.2M measurements across 1.4M compounds and 11,500 protein targets, of which 1.6M curated entries cover 772,000 compounds and 4,800 targets.","Assembling a target-affinity dataset with the measurement technique attached - the thing P-04 says an IC50 is meaningless without","Two licences coexist: BindingDB-curated content is CC BY 3.0, while rows ingested from ChEMBL carry CC BY-SA 3.0, and that share-alike obligation follows them.","2026-08-26"
"chembl","ChEMBL","reference","target database","pharmacology","https://www.ebi.ac.uk/chembl/","free","CC BY-SA 3.0","n/a","EMBL-EBI","Manually curated database of bioactive molecules with drug-like properties, combining chemical, bioactivity and genomic data across compounds, assays, activities, targets and source documents.","Pulling literature-extracted potency data for a compound series, or the assay context behind a reported IC50","CC BY-SA 3.0 - share-alike follows any redistributed derivative, which matters if you build a teaching dataset from it.","2026-08-26"
"guide-to-pharmacology","IUPHAR/BPS Guide to PHARMACOLOGY","reference","target database","pharmacology","https://www.guidetopharmacology.org/","free-academic","CC BY-SA 4.0","n/a","IUPHAR and the British Pharmacological Society","Expert-curated guide to pharmacological targets with quantitative ligand data across eight target classes: GPCRs, ion channels, nuclear receptors, kinases, catalytic receptors, transporters, enzymes and others.","Finding a curated, referenced affinity value and the recommended target nomenclature for a drug-target pair","CC BY-SA 4.0, so compatible with this curriculum's own licence - one of the few sources here that is. Commercial users are directed to a sustainability statement on access fees. The site now requires registration to browse.","2026-08-26"
"open-targets","Open Targets Platform","reference","target database","pharmacology","https://platform.opentargets.org/","free","CC0 1.0 (data)","n/a","Open Targets","Integrates public genetics, genomics, drug and literature datasets to support systematic identification and prioritisation of drug targets, linking targets, diseases and drugs.","Checking the genetic and tractability evidence linking a target to a disease before committing to a QSP model","Data dedicated to the public domain under CC0 with no downstream restrictions; code Apache 2.0. All contributing sources agreed to unrestricted use. One of the cleanest licences in this table.","2026-08-26"
"uniprot","UniProt","reference","target database","pharmacology","https://www.uniprot.org/","free","CC BY 4.0","n/a","UniProt Consortium","Protein sequence and functional annotation knowledgebase; the reference source for canonical protein identity, isoforms, sequence features and cross-references.","Pinning down the exact protein isoform, sequence and accession behind a named drug target or transporter","CC BY 4.0 applies to copyrightable parts of the databases - BY-SA compatible. Main site is JavaScript-only; the licence text is at rest.uniprot.org/help/license.","2026-08-26"
"acop","ACoP - American Conference on Pharmacometrics","course","conference","poppk|qsp|pbpk|regulatory","https://acop2026.eventscribe.net/aaStatic.asp?SFP=UUdZUlFHQ1pAMjQ1MjhAV2VsY29tZSBMZXR0ZXI","commercial","n/a","n/a","International Society of Pharmacometrics","ISoP's annual conference, with tutorials, Special Interest Group events, a hackathon and student programming.","The main US-facing pharmacometrics meeting; worth tracking even if you only watch recorded sessions later","Paid registration. Recorded ACoP sessions later appear on learn.isop.org, some free. Note go-acop.org still serves 2023 content.","2026-08-26"
"ascpt-annual-meeting","ASCPT Annual Meeting","course","conference","pharmacology|pkpd|regulatory","https://www.ascpt.org/meetings/annual-meeting","commercial","n/a","n/a","American Society for Clinical Pharmacology and Therapeutics","In-person annual meeting covering the discovery, development, regulation and utilization continuum.","Clinical pharmacology breadth rather than pure modelling depth","Paid registration; rates not published on this page. ASCPT also publishes CPT:PSP, the journal most of this curriculum's tutorial references come from.","2026-08-26"
"page-meeting","PAGE - Population Approach Group Europe","course","conference","poppk|pkpd|stats-ml","https://www.page-meeting.org/","freemium","n/a","n/a","PAGE","Annual European meeting for data analysis using the population approach. The site hosts an archive of every abstract ever submitted, searchable by year back to 1992.","The abstract archive is free and is a genuinely useful literature source in its own right","Archive is browsable without login at no cost - the highest-value piece for an unfunded learner. Attending requires paid registration and travel.","2026-08-26"
"qspc","QSPC - Quantitative Systems Pharmacology Conference","course","conference","qsp|pbpk|pkpd","https://www.qspc.eu/","commercial","n/a","n/a","Leiden University and the Foundation for the Advancement of Systems Pharmacology","Conference on emerging computational and experimental approaches in QSP and PBPK/PD, with plenary lectures and posters.","People specifically working in QSP who want the European community meeting","Paid registration, fees not shown. Held roughly every four years in the Netherlands, so not an annual fixture.","2026-08-26"
"uclouvain-kuleuven-pharmacometrics","Advanced Master in Pharmacometrics (UCLouvain and KU Leuven)","course","degree programme","poppk|pkpd|stats-ml","https://uclouvain.be/en-prog-2025-pmtx2mc","commercial","n/a","n/a","UCLouvain and KU Leuven","One-year, 60-ECTS advanced master taught in English in Brussels Woluwe, run jointly by UCLouvain and KU Leuven.","Graduates who want a dedicated one-year pharmacometrics degree in Europe","Requires on-site enrolment in Belgium; fees not stated on the programme page.","2026-08-26"
"buffalo-online-ms","Buffalo MS in Pharmacometrics and Personalized Pharmacotherapy (Online)","course","degree programme","poppk|pkpd|qsp","https://www.buffalo.edu/grad/programs/pharmacometrics-and-personalized-pharmacotherapy-online-ms.html","commercial","n/a","n/a","University at Buffalo School of Pharmacy and Pharmaceutical Sciences","30-credit MS completable fully online in about two years, part-time option available, covering mathematical models for disease and drug measurement, PK, PD and systems pharmacology.","Someone already working who wants an accredited US master's without relocating","Requires admission and paid tuition; rates not stated on the page. No public course material.","2026-08-26"
"uf-midd-certificate","Florida Model-Informed Drug Development graduate certificate","course","degree programme","poppk|pbpk|qsp","https://onlinepc.pharmacy.ufl.edu/programs/graduate-certificate/model-informed-drug-development/","commercial","n/a","n/a","University of Florida College of Pharmacy","12-credit online certificate over three semesters: Introduction to Quantitative Pharmacology plus three of Intro to MIDD, Physiologically Based Modeling, Population PK/PD, and QSP Modeling.","Formal PBPK/QSP/PopPK coursework from the UF pharmacometrics group without a full degree","Paid enrolment; tuition not stated. Some Fall sections are on-campus only. Credits transfer into the UF online MS.","2026-08-26"
"uf-online-ms-midd","Florida MS in Pharmaceutical Sciences, MIDD specialization","course","degree programme","poppk|pbpk|qsp","https://onlinepc.pharmacy.ufl.edu/programs/masters-degree/","commercial","n/a","n/a","University of Florida College of Pharmacy","32-credit fully online MS specialising in MIDD: population PK/PD, QSP and PBPK modelling, with electives in pharmacoeconomics and precision medicine. Most finish in 2-3 years.","Career-changers who need a US graduate degree in pharmacometrics at a distance","Requires admission and paid tuition. Non-degree single-course enrolment is offered as a lower-commitment entry point.","2026-08-26"
"manchester-msc-mbdd","Manchester MSc Model-based Drug Development","course","degree programme","pkpd|poppk|pbpk","https://www.manchester.ac.uk/study/masters/courses/list/08749/msc-model-based-drug-development-pharmacokinetic-and-pharmacodynamic-modelling/","commercial","n/a","n/a","The University of Manchester","12 months full-time in person or 29 months part-time by distance learning, covering PK, PD, pharmacometrics, systems pharmacology and PBPK.","A UK MSc with a genuine part-time distance-learning route","Fees stated on the page: full-time GBP 20,000/yr UK and GBP 37,800/yr international; part-time distance GBP 10,000/yr UK. Needs a 2:2 honours degree and IELTS 7.0.","2026-08-26"
"ucsf-pspg","UCSF PhD in Pharmaceutical Sciences and Pharmacogenomics","course","degree programme","pharmacology|pkpd|general","https://pspg.ucsf.edu/degree-program/courses","commercial","n/a","n/a","University of California, San Francisco","PhD programme whose core sequence covers pharmacokinetic principles, metabolism and transport and applied PK, with an advanced PK/PD course offered biennially.","Prospective PhD applicants wanting PK/PD inside a pharmacogenomics curriculum","Doctoral admission required. The courses page lists descriptions and instructors only - no syllabi or slides are downloadable.","2026-08-26"
"uppsala-msc-pharmaceutical-modelling","Uppsala MSc in Pharmaceutical Modelling","course","degree programme","poppk|pkpd|stats-ml","https://www.uu.se/en/study/programme/masters-programme-pharmaceutical-modelling","free-academic","n/a","n/a","Uppsala University","Two-year, 120-credit master's taught in English covering mechanistic and AI/ML modelling, PK, computational chemistry and bioinformatics, ending in a 30-credit thesis.","EU/EEA/Swiss students, for whom this is a tuition-free route into a top pharmacometrics group","No tuition for EU/EEA/Swiss citizens; others pay SEK 330,000 total. Requires full-time on-site enrolment in Sweden.","2026-08-26"
"isop-learning-center","ISoP Learning Center","course","free lectures","poppk|qsp|stats-ml|regulatory","https://learn.isop.org/","freemium","n/a","n/a","International Society of Pharmacometrics","ISoP's education platform: the MIDD webinar series, on-demand webinars, recorded ACoP sessions, and Special Interest Group programmes including the QSP Virtual Student Symposium.","Keeping current with what practising pharmacometricians are arguing about","Mixed access. MIDD webinar items are USD 50 for non-members, free for members; several SIG items are free to non-members with a free guest account. Note isop.org is a different organisation (pharmacovigilance).","2026-08-26"
"metrum-open-courseware","Metrum Open Courseware","course","free lectures","poppk|pkpd|stats-ml|qsp","https://metrumrg.com/courses/","free","CC BY 3.0","n/a","Metrum Research Group / Metrum Institute","Fifteen full courses released openly: R for Pharmacometrics, Essentials of Population PK-PD, Advanced Topics, Bayesian modelling, Stan/Torsten, mrgsolve, and PBPK/QSP in R.","The highest-value free resource here - a complete self-study pharmacometrics curriculum, no login, no cost","Free with no registration, materials under CC BY 3.0. Some courses date from 2010-2018 but the population PK-PD and Bayesian content is still standard.","2026-08-26"
"mit-ocw-hst151","MIT OpenCourseWare HST.151 Principles of Pharmacology","course","free lectures","pharmacology","https://ocw.mit.edu/courses/hst-151-principles-of-pharmacology-spring-2005/","free","CC BY-NC-SA","n/a","MIT OpenCourseWare","Graduate pharmacology course archive with lecture notes, problem sets and solutions, and exams with solutions, covering drug mechanisms, distribution and metabolism.","Filling in the biological pharmacology foundation that pure modelling courses assume you already have","Free, no registration, fully downloadable, CC BY-NC-SA. Spring 2005 materials - dated on specific agents but sound on principles.","2026-08-26"
"nih-principles-clinical-pharmacology","Principles of Clinical Pharmacology","course","free lectures","pharmacology|pkpd|general","https://ocreco.od.nih.gov/courses/principles-clinical-pharmacology","free","n/a","n/a","NIH Office of Clinical Research Education and Collaboration Outreach","Free asynchronous course: 7 modules, 48 recorded core lectures plus case studies on pharmacokinetics, drug metabolism and transport, special populations and pharmacogenomics.","The single best free structured grounding in clinical pharmacology before touching modelling software","No institutional affiliation needed. Formal registration runs in yearly cycles, but the lectures are publicly viewable any time via the NIH PCP YouTube playlist and NIH VideoCast.","2026-08-26"
"pmxafrica-apt-fellowship","Applied Pharmacometrics Training (APT) Fellowship","course","short course","poppk|pkpd","https://pmxafrica.org/2025/03/04/applied-pharmacometrics-training-apt-fellowship-2025/","free","n/a","n/a","Pharmacometrics Africa NPC with CP+ Associates","24-week virtual fellowship plus two week-long face-to-face sessions; fellows work on model-based analysis projects with industry, consultancy and academic partners.","Early-to-mid-career African PhD holders who need funded, mentored project experience rather than lectures","Fully funded including airfare, accommodation and a stipend. Eligibility is narrow - PhD, African residency, prior clinical pharmacology project experience. Applications run in cycles.","2026-08-26"
"buffalo-micro-credential","Buffalo Pharmacometrics Modeling micro-credential","course","short course","poppk|pkpd|stats-ml","https://pharmacy.buffalo.edu/academics/pharm-sci/micro-credential-programs/pharmacometrics-modeling-program.html","commercial","n/a","n/a","University at Buffalo School of Pharmacy and Pharmaceutical Sciences","Asynchronous online three-course series - Biometry, Intermediate PK, Population PKPD Modeling - with software training and a final modelling assessment, typically three semesters.","A working scientist who wants a credential smaller than a full MS but still credit-bearing","Paid per-credit tuition. Requires a science bachelor's and prior pharmacometrics background verified by the programme director.","2026-08-26"
"certara-academic-licence","Certara Academic Teaching License Program","course","short course","poppk|pkpd","https://www.certara.com/offerings-for-academia-phoenix/","free-academic","n/a","n/a","Certara","Grants no-cost Phoenix, RsNLME and Pirana licences to degree-granting institutions for classroom teaching, plus free webinars, tutorials, videos and software guides.","Instructors and their enrolled students who need commercial PK software for coursework at no cost","Requires institutional affiliation: licences go to institutions for teaching, not research, and need a Certification of Use signed by a Dean or legal representative.","2026-08-26"
"certara-university","Certara University","course","short course","pkpd|poppk","https://www.certarauniversity.com/store","commercial","n/a","n/a","Certara","Over 25 on-demand and live courses in PK fundamentals, Phoenix WinNonlin, NLME, IVIVC and PML coding, plus certifications in NCA and population modelling.","Practitioners who need a recognised Phoenix or NCA credential and can pay for it","Paid, most courses USD 90-575. Around 50% academic discount and 25-75% reduction for Africa and India residents.","2026-08-26"
"edx-davidson-pharmacokinetics","Introduction to Pharmacokinetics: From ADME to PK/PD","course","short course","pkpd|pharmacology","https://www.edx.org/learn/chemistry/davidson-college-introduction-to-pharmacokinetics-from-adme-to-pk-pd","freemium","n/a","n/a","Davidson College, on edX","Covers how a drug is dosed, absorbed, distributed, metabolised and eliminated, how PK properties are predicted from compound testing, and how PK and ADME are monitored in early development.","A gentle first pass at PK concepts for someone with no pharmacology background","Audit track gives video access; verified track adds readings and assessments. Price was not displayed - confirm audit availability at enrolment.","2026-08-26"
"coursera-uct-drug-discovery","Introduction to Small Molecule Drug Discovery and Development","course","short course","general|pharmacology|pkpd","https://www.coursera.org/learn/drug-discovery-development","freemium","n/a","n/a","University of Cape Town, on Coursera","Four-module course; module 3 covers in vitro ADME, DMPK, PK/PD modelling and human dose prediction, alongside disease biology, medicinal chemistry and trial phases.","Understanding where pharmacometrics sits in the wider drug development pipeline","Free audit access to the material; a paid certificate is needed for graded assignments. Coursera account required, no institutional affiliation.","2026-08-26"
"esqlabs-osp-course","Starting with the OSP Suite","course","short course","pbpk|qsp","https://learn.esqlabs.com/catalog/info/id:187,cms_featured_course:1","free-academic","n/a","n/a","esqLABS GmbH","Introductory course on Open Systems Pharmacology fundamentals: PBPK and QSP principles, PK-Sim, MoBi, the R toolbox, absorption routes, special populations and regulatory context.","Anyone starting PBPK who wants a guided path through PK-Sim/MoBi rather than raw documentation","Free registration for academics. Pricing for non-academic users is not shown. Requires an account.","2026-08-26"
"uppsala-summer-school","UPSS - Uppsala Pharmacometric Summer School","course","short course","poppk|pkpd|stats-ml","https://www.uu.se/en/department/pharmacy/research/pharmacometrics/upss","free","n/a","n/a","Uppsala University, Department of Pharmacy","Two-week residential summer school for PhD students worldwide, capped at 30 participants; each attendee submits an abstract and presents a poster.","PhD students with some NONMEM experience who want intensive hands-on training at no course fee","No course fee, but accommodation and travel are not covered; limited travel grants exist. Requires PhD student status and prior NONMEM experience.","2026-08-26"
"eufeps","EUFEPS - European Federation for Pharmaceutical Sciences","course","society","general|regulatory|pharmacology","https://www.eufeps.org/about-us.html","unknown","n/a","n/a","European Federation for Pharmaceutical Sciences","Federation of around 15,000 pharmaceutical scientists across industry, academia, government and regulators, running eight topic networks plus conference series.","European students wanting regulatory-science and pharmaceutical-sciences context","Membership fees not stated. Networks are broad pharmaceutical sciences rather than pharmacometrics-specific. Runs a European PhD Student Competition.","2026-08-26"
"paganz","PAGANZ - Population Approach Group in Australia and New Zealand","course","society","poppk|pkpd","https://www.paganz.org/","free","n/a","n/a","PAGANZ Inc","Southern-hemisphere pharmacometrics society meeting annually since 1999, pairing hands-on workshops taught by senior figures with a scientific conference.","Anyone in Australia or New Zealand; the workshops are the main draw","Membership itself is free and confers voting rights. Meeting registration fees are not stated on the site.","2026-08-26"
"redif","RedIF - Red Iberoamericana de Farmacometria","course","society","poppk|pkpd|general","https://www.redifar.org/","freemium","n/a","n/a","Red Iberoamericana de Farmacometria","Ibero-American pharmacometrics network founded 2017, running workshops, congresses and webinars in Spanish and Portuguese, plus multicentre studies and training.","Spanish- and Portuguese-speaking learners for whom English-only material is the real barrier","Membership via an external platform with member discounts on congress registration; prices not shown.","2026-08-26"
"pmxafrica-arlo","ARLO - Access to Regulatory Learning Opportunities","course","tutorial site","regulatory|general|poppk","https://arlo.pmxafrica.org/","free","n/a","n/a","Pharmacometrics Africa","Searchable index of training resources - courses, webinars, videos, workshops, guidelines and papers - contributed by EMA, FDA, WHO, USP and SAHPRA among others.","Finding free training on a specific regulatory or modelling topic without knowing who published it","Free to browse and search with no registration; anyone can submit a resource.","2026-08-26"
"nlmixr2-tutorials","nlmixr2 vignettes and worked examples","course","tutorial site","poppk|pkpd|pbpk","https://nlmixr2.org/articles/","free","GPL-3","R","nlmixr2 development team","Getting-started articles, a cheat sheet and worked example models: phenobarbital with correlations, nonlinear PK/PD (nimotuzumab), PBPK (mavoglurant) and PKPD myelosuppression.","Someone with R but no NONMEM licence who wants to fit nonlinear mixed-effects models tonight","Free and open source, no registration. Vignettes are readable without installing anything.","2026-08-26"
"pmxafrica-portal","Pharmacometrics Africa Online Learning Portal","course","tutorial site","poppk|pkpd|regulatory","https://pmxafrica.org/moodle/","free","n/a","n/a","Pharmacometrics Africa NPC","Moodle site hosting around 18 open-access quantitative clinical pharmacology courses, including a self-paced 12-lesson pharmacometrics course in English and French.","A self-learner with no institution who wants a structured course tonight","Free self-registration for the self-paced course; some courses are restricted to enrolled delegates. Site is migrating to learn.pmxafrica.org.","2026-08-26"
"pumas-tutorials","Pumas Tutorials","course","tutorial site","poppk|pkpd|stats-ml|qsp","https://tutorials.pumas.ai/","free","n/a","n/a","Pumas-AI","Seven structured learning paths: Julia fundamentals, Pumas fundamentals, model development, simulation, covariate and censored-data workflows, bioequivalence, Bayesian and TMDD.","Learning modern pharmacometric workflow end to end from worked examples, even if you never run Pumas","Free to read online with no login. The Pumas software itself is separately licensed - reading the tutorials costs nothing.","2026-08-26"
